angle,N,N_unc,N_norm,N_unc_norm
90.0,3292,57.37595315112421,0.3295295295295295,0.005743338653766187
105.0,3376,58.1033561853358,0.3379379379379379,0.0058161517703038835
115.0,3295,57.40209055426466,0.32982982982982983,0.005745955010436903
125.0,3075,55.452682532047085,0.3078078078078078,0.005550819072276986
135.0,3252,57.02630971753301,0.32552552552552555,0.005708339311064365
145.0,3175,56.34713834792323,0.3178178178178178,0.005640354188981304
155.0,3429,58.557663887829406,0.34324324324324323,0.00586162801679974
165.0,3363,57.99137866959192,0.3366366366366366,0.005804942809768961
180.0,3149,56.1159513863928,0.3152152152152152,0.005617212350990271
